name,met (ms),iters,Speedup factor
std_sort_random_4096_uint8,0.08212,100,
aflag_sort_random_4096_uint8,0.014570000000000001,100,5.63623884694578
aflag_copy_sort_random_4096_uint8,0.00248,100,33.1129032258065
radix_sort_random_4096_uint8,0.00251,100,32.7171314741036
std_sort_random_65536_uint8,1.1564100000000002,100,
aflag_sort_random_65536_uint8,0.23289,100,4.96547726394435
aflag_copy_sort_random_65536_uint8,0.035769999999999996,100,32.329046687168
radix_sort_random_65536_uint8,0.037200000000000004,100,31.0862903225806
std_sort_random_1048576_uint8,17.583099999999998,100,
aflag_sort_random_1048576_uint8,4.15931,100,4.22740791140838
aflag_copy_sort_random_1048576_uint8,0.62975,100,27.9207622072251
radix_sort_random_1048576_uint8,0.65213,100,26.9625688129667
std_sort_random_4096_int8,0.08613,100,
aflag_sort_random_4096_int8,0.01595,100,5.4
aflag_copy_sort_random_4096_int8,0.0027400000000000002,100,31.4343065693431
radix_sort_random_4096_int8,0.00265,100,32.5018867924528
std_sort_random_65536_int8,1.26208,100,
aflag_sort_random_65536_int8,0.24991,100,5.05013804969789
aflag_copy_sort_random_65536_int8,0.03884,100,32.4943357363543
radix_sort_random_65536_int8,0.03979,100,31.7185222417693
std_sort_random_1048576_int8,19.121859999999998,100,
aflag_sort_random_1048576_int8,4.40625,100,4.33971290780142
aflag_copy_sort_random_1048576_int8,0.6677200000000001,100,28.6375426825615
radix_sort_random_1048576_int8,0.71299,100,26.8192541269864
std_sort_random_4096_uint16,0.09648999999999999,100,
aflag_sort_random_4096_uint16,0.04324,100,2.23149861239593
aflag_copy_sort_random_4096_uint16,0.02604,100,3.70545314900154
radix_sort_random_4096_uint16,0.00491,100,19.6517311608961
std_sort_random_65536_uint16,2.05665,100,
aflag_sort_random_65536_uint16,0.97566,100,2.10795769017896
aflag_copy_sort_random_65536_uint16,0.58533,100,3.5136589616114
radix_sort_random_65536_uint16,0.07958,100,25.8438049761247
std_sort_random_1048576_uint16,37.899899999999995,100,
aflag_sort_random_1048576_uint16,10.21131,100,3.71156100441569
aflag_copy_sort_random_1048576_uint16,1.39195,100,27.2279176694565
radix_sort_random_1048576_uint16,1.39557,100,27.1572905694447
std_sort_random_4096_int16,0.09534000000000001,100,
aflag_sort_random_4096_int16,0.044320000000000005,100,2.15117328519856
aflag_copy_sort_random_4096_int16,0.0268,100,3.55746268656716
radix_sort_random_4096_int16,0.005639999999999999,100,16.9042553191489
std_sort_random_65536_int16,2.0172,100,
aflag_sort_random_65536_int16,1.00657,100,2.00403349990562
aflag_copy_sort_random_65536_int16,0.58462,100,3.45044644384386
radix_sort_random_65536_int16,0.08947,100,22.546104839611
std_sort_random_1048576_int16,36.77899,100,
aflag_sort_random_1048576_int16,10.71518,100,3.43241924074071
aflag_copy_sort_random_1048576_int16,1.56241,100,23.5399094987871
radix_sort_random_1048576_int16,1.5192599999999998,100,24.2084896594395
std_sort_random_4096_float16,0.11941,100,
aflag_sort_random_4096_float16,0.06859,100,1.74092433299315
aflag_copy_sort_random_4096_float16,0.033690000000000005,100,3.54437518551499
radix_sort_random_4096_float16,0.00769,100,15.5279583875163
std_sort_random_65536_float16,2.19795,100,
aflag_sort_random_65536_float16,0.81121,100,2.70947103709274
aflag_copy_sort_random_65536_float16,0.17015999999999998,100,12.9169605077574
radix_sort_random_65536_float16,0.12192,100,18.0278051181102
std_sort_random_1048576_float16,33.58817,100,
aflag_sort_random_1048576_float16,12.779020000000001,100,2.62838386668148
aflag_copy_sort_random_1048576_float16,2.34354,100,14.3322367017418
radix_sort_random_1048576_float16,2.03775,100,16.4829689608637
std_sort_random_4096_bfloat16,0.11807000000000001,100,
aflag_sort_random_4096_bfloat16,0.05551999999999999,100,2.12662103746398
aflag_copy_sort_random_4096_bfloat16,0.01733,100,6.8130409694172
radix_sort_random_4096_bfloat16,0.01616,100,7.30631188118812
std_sort_random_65536_bfloat16,1.75405,100,
aflag_sort_random_65536_bfloat16,0.83372,100,2.10388379791777
aflag_copy_sort_random_65536_bfloat16,0.22533,100,7.7843607153952
radix_sort_random_65536_bfloat16,0.24856,100,7.05684744126167
std_sort_random_1048576_bfloat16,26.92145,100,
aflag_sort_random_1048576_bfloat16,13.51454,100,1.99203598494658
aflag_copy_sort_random_1048576_bfloat16,3.54941,100,7.58476760926464
radix_sort_random_1048576_bfloat16,3.9506099999999997,100,6.81450459549285
std_sort_random_4096_uint32,0.09754,100,
aflag_sort_random_4096_uint32,0.04338,100,2.24850161364684
aflag_copy_sort_random_4096_uint32,0.02649,100,3.68214420536051
radix_sort_random_4096_uint32,0.010249999999999999,100,9.51609756097561
radix11_sort_random_4096_uint32,0.0066300000000000005,100,14.7119155354449
std_sort_random_65536_uint32,2.06671,100,
aflag_sort_random_65536_uint32,1.0682800000000001,100,1.93461452053769
aflag_copy_sort_random_65536_uint32,0.67133,100,3.07853067790803
radix_sort_random_65536_uint32,0.17184999999999997,100,12.0262438172825
radix11_sort_random_65536_uint32,0.11662,100,17.7217458411936
std_sort_random_1048576_uint32,41.41345999999999,100,
aflag_sort_random_1048576_uint32,16.939790000000002,100,2.44474459246543
aflag_copy_sort_random_1048576_uint32,7.520230000000001,100,5.50694061218872
radix_sort_random_1048576_uint32,3.29722,100,12.5601142780888
radix11_sort_random_1048576_uint32,1.9634800000000001,100,21.0918675005602
std_sort_random_4096_int32,0.09852999999999999,100,
aflag_sort_random_4096_int32,0.04445,100,2.21664791901012
aflag_copy_sort_random_4096_int32,0.02688,100,3.66555059523809
radix_sort_random_4096_int32,0.01047,100,9.41069723018147
radix11_sort_random_4096_int32,0.0069299999999999995,100,14.2178932178932
std_sort_random_65536_int32,2.0606999999999998,100,
aflag_sort_random_65536_int32,1.09311,100,1.88517166616351
aflag_copy_sort_random_65536_int32,0.67096,100,3.07127101466555
radix_sort_random_65536_int32,0.17471,100,11.7949745292198
radix11_sort_random_65536_int32,0.11778000000000001,100,17.4961793173714
std_sort_random_1048576_int32,41.41236,100,
aflag_sort_random_1048576_int32,17.493949999999998,100,2.36723895975466
aflag_copy_sort_random_1048576_int32,7.57277,100,5.46858811240801
radix_sort_random_1048576_int32,3.30366,100,12.5352972158152
radix11_sort_random_1048576_int32,2.0034,100,20.6710392333034
std_sort_random_4096_float32,0.11932999999999999,100,
aflag_sort_random_4096_float32,0.07649,100,1.5600732121846
aflag_copy_sort_random_4096_float32,0.04243,100,2.81239688899364
radix_sort_random_4096_float32,0.022770000000000002,100,5.24066754501537
radix11_sort_random_4096_float32,0.00845,100,14.1218934911243
std_sort_random_65536_float32,2.54836,100,
aflag_sort_random_65536_float32,1.6313499999999999,100,1.562117264842
aflag_copy_sort_random_65536_float32,1.01844,100,2.50221908016182
radix_sort_random_65536_float32,0.34951,100,7.29123630225172
radix11_sort_random_65536_float32,0.14175000000000001,100,17.977848324515
std_sort_random_1048576_float32,51.31443,100,
aflag_sort_random_1048576_float32,25.11786,100,2.04294593568083
aflag_copy_sort_random_1048576_float32,11.636579999999999,100,4.40975183430183
radix_sort_random_1048576_float32,5.8324,100,8.79816713531308
radix11_sort_random_1048576_float32,2.35386,100,21.8001198032168
std_sort_random_4096_uint64,0.09594,100,
aflag_sort_random_4096_uint64,0.06371,100,1.5058860461466
aflag_copy_sort_random_4096_uint64,0.06165,100,1.55620437956204
radix_sort_random_4096_uint64,0.02121,100,4.52333804809052
radix13_sort_random_4096_uint64,0.02552,100,3.75940438871473
radix16_sort_random_4096_uint64,0.07483,100,1.28210610717627
std_sort_random_65536_uint64,2.02257,100,
aflag_sort_random_65536_uint64,0.9721899999999999,100,2.08042666556949
aflag_copy_sort_random_65536_uint64,0.63936,100,3.16342905405405
radix_sort_random_65536_uint64,0.45552,100,4.44013435194942
radix13_sort_random_65536_uint64,336,100,0.00601955357142857
radix16_sort_random_65536_uint64,0.40771,100,4.96080547447941
std_sort_random_1048576_uint64,41.09201,100,
aflag_sort_random_1048576_uint64,22.53241,100,1.82368463914868
aflag_copy_sort_random_1048576_uint64,16.6585,100,2.4667292973557
radix_sort_random_1048576_uint64,9.672699999999999,100,4.24824609467884
radix13_sort_random_1048576_uint64,5.312530000000001,100,7.73492290867063
radix16_sort_random_1048576_uint64,5.86303,100,7.00866446189087
std_sort_random_4096_int64,0.09815,100,
aflag_sort_random_4096_int64,0.06634000000000001,100,1.47949954778414
aflag_copy_sort_random_4096_int64,0.06145,100,1.59723352318959
radix_sort_random_4096_int64,0.021429999999999998,100,4.58002799813346
radix13_sort_random_4096_int64,0.02571,100,3.81758070789576
radix16_sort_random_4096_int64,0.07536999999999999,100,1.30224227146079
std_sort_random_65536_int64,2.02934,100,
aflag_sort_random_65536_int64,1.03125,100,1.96784484848485
aflag_copy_sort_random_65536_int64,0.6451600000000001,100,3.14548329096658
radix_sort_random_65536_int64,0.4388,100,4.62474931631723
radix13_sort_random_65536_int64,0.33281999999999995,100,6.09741001141758
radix16_sort_random_65536_int64,0.40874000000000005,100,4.96486764202182
std_sort_random_1048576_int64,40.93542,100,
aflag_sort_random_1048576_int64,23.229560000000003,100,1.76221245688683
aflag_copy_sort_random_1048576_int64,16.244960000000003,100,2.5198843210448
radix_sort_random_1048576_int64,9.3418,100,4.38196279089683
radix13_sort_random_1048576_int64,5.2843100000000005,100,7.74659700131143
radix16_sort_random_1048576_int64,5.8509199999999995,100,6.99640740259652
std_sort_random_4096_float64,0.11926,100,
aflag_sort_random_4096_float64,0.07929,100,1.50409887753815
aflag_copy_sort_random_4096_float64,0.07101,100,1.67948176313195
radix_sort_random_4096_float64,0.032850000000000004,100,3.63044140030441
radix13_sort_random_4096_float64,0.03033,100,3.93208044840092
radix16_sort_random_4096_float64,0.0697,100,1.71104734576758
std_sort_random_65536_float64,2.52996,100,
aflag_sort_random_65536_float64,1.21912,100,2.0752345954459
aflag_copy_sort_random_65536_float64,0.73706,100,3.43250210294956
radix_sort_random_65536_float64,0.67106,100,3.77009507346586
radix13_sort_random_65536_float64,0.36034999999999995,100,7.02084084917441
radix16_sort_random_65536_float64,0.42208,100,5.99402956785444
std_sort_random_1048576_float64,51.00989,100,
aflag_sort_random_1048576_float64,27.496329999999997,100,1.85515266946534
aflag_copy_sort_random_1048576_float64,18.94284,100,2.69283222579085
radix_sort_random_1048576_float64,12.699169999999999,100,4.01678928622894
radix13_sort_random_1048576_float64,5.934450000000001,100,8.5955547691867
radix16_sort_random_1048576_float64,5.603579999999999,100,9.10308945352792
std_sort_low_card_4096_delta_0,0.00209,100,
std_radix_low_card_4096_delta_0,0.0027400000000000002,100,0.762773722627737
std_aflag_low_card_4096_delta_0,0.01568,100,0.133290816326531
std_aflag_copy_low_card_4096_delta_0,0.00245,100,0.853061224489796
std_sort_low_card_4096_delta_2,0.01693,100,
std_radix_low_card_4096_delta_2,0.00252,100,6.71825396825397
std_aflag_low_card_4096_delta_2,0.01512,100,1.11970899470899
std_aflag_copy_low_card_4096_delta_2,0.00231,100,7.32900432900433
std_sort_low_card_4096_delta_5,0.025830000000000002,100,
std_radix_low_card_4096_delta_5,0.00255,100,10.1294117647059
std_aflag_low_card_4096_delta_5,0.01534,100,1.68383311603651
std_aflag_copy_low_card_4096_delta_5,0.0025900000000000003,100,9.97297297297297
std_sort_low_card_4096_delta_20,0.04283000000000001,100,
std_radix_low_card_4096_delta_20,0.00271,100,15.8044280442804
std_aflag_low_card_4096_delta_20,0.01528,100,2.80301047120419
std_aflag_copy_low_card_4096_delta_20,0.0027500000000000003,100,15.5745454545455
std_sort_low_card_4096_delta_100,0.06463,100,
std_radix_low_card_4096_delta_100,0.00264,100,24.4810606060606
std_aflag_low_card_4096_delta_100,0.01497,100,4.31730126920508
std_aflag_copy_low_card_4096_delta_100,0.00244,100,26.4877049180328
std_sort_low_card_65536_delta_0,0.031869999999999996,100,
std_radix_low_card_65536_delta_0,0.03853,100,0.8271476771347
std_aflag_low_card_65536_delta_0,0.23967,100,0.13297450661326
std_aflag_copy_low_card_65536_delta_0,0.03782,100,0.842675832892649
std_sort_low_card_65536_delta_2,0.25164000000000003,100,
std_radix_low_card_65536_delta_2,0.03843,100,6.5480093676815
std_aflag_low_card_65536_delta_2,0.23289,100,1.08051011207008
std_aflag_copy_low_card_65536_delta_2,0.036680000000000004,100,6.86041439476554
std_sort_low_card_65536_delta_5,0.38146,100,
std_radix_low_card_65536_delta_5,0.037989999999999996,100,10.0410634377468
std_aflag_low_card_65536_delta_5,0.23356000000000002,100,1.63324199349204
std_aflag_copy_low_card_65536_delta_5,0.03713,100,10.2736331807164
std_sort_low_card_65536_delta_20,0.62816,100,
std_radix_low_card_65536_delta_20,0.03819,100,16.4482848913328
std_aflag_low_card_65536_delta_20,0.23481000000000002,100,2.67518419147396
std_aflag_copy_low_card_65536_delta_20,0.03657,100,17.1769209734755
std_sort_low_card_65536_delta_100,0.9467700000000001,100,
std_radix_low_card_65536_delta_100,0.03784,100,25.0203488372093
std_aflag_low_card_65536_delta_100,0.23559000000000002,100,4.01871896090666
std_aflag_copy_low_card_65536_delta_100,0.036989999999999995,100,25.595296025953
std_sort_low_card_1048576_delta_0,0.49914000000000003,100,
std_radix_low_card_1048576_delta_0,0.6952200000000001,100,0.717959782514887
std_aflag_low_card_1048576_delta_0,4.17753,100,0.119482086304587
std_aflag_copy_low_card_1048576_delta_0,0.66633,100,0.749088289586241
std_sort_low_card_1048576_delta_2,3.8952,100,
std_radix_low_card_1048576_delta_2,0.69536,100,5.60170271514036
std_aflag_low_card_1048576_delta_2,4.17099,100,0.933879007142189
std_aflag_copy_low_card_1048576_delta_2,0.66768,100,5.83393242271747
std_sort_low_card_1048576_delta_5,5.89823,100,
std_radix_low_card_1048576_delta_5,0.69645,100,8.46899274894106
std_aflag_low_card_1048576_delta_5,4.16946,100,1.41462683417037
std_aflag_copy_low_card_1048576_delta_5,0.6628700000000001,100,8.89801921945479
std_sort_low_card_1048576_delta_20,9.79307,100,
std_radix_low_card_1048576_delta_20,0.69743,100,14.0416529257417
std_aflag_low_card_1048576_delta_20,4.16456,100,2.3515257314098
std_aflag_copy_low_card_1048576_delta_20,0.66617,100,14.7005569149016
std_sort_low_card_1048576_delta_100,14.68193,100,
std_radix_low_card_1048576_delta_100,0.69505,100,21.1235594561542
std_aflag_low_card_1048576_delta_100,4.17685,100,3.51507236314447
std_aflag_copy_low_card_1048576_delta_100,0.66896,100,21.9473959579048